--use database iwork

insert into Companies values ('email@apple.com','Apple','america','electric','national','inovating','Electronics')
insert into Companies values ('email@facebook.com','facebook','newyork','web','international','inovating','website')
insert into Companies values ('email@semiens.com','semiens','germany','hardware','national','inovating','hardware')


insert into Company_Phones values ('email@semiens.com',12345)
insert into Company_Phones values ('email@semiens.com',23422)
insert into Company_Phones values ('email@facebook.com',234223)
insert into Company_Phones values ('email@apple.com',323422)
insert into Company_Phones values ('email@apple.com',523422)
insert into Company_Phones values ('email@apple.com',243422)


insert into Departments values ('IT12','email@semiens.com','Information Technology Department')
insert into Departments values ('Media12','email@semiens.com','Social Media Department')
insert into Departments values ('Finance12','email@semiens.com','Financial Affairs Department')
insert into Departments values ('IT23','email@apple.com','Information Technology Department')
insert into Departments values ('Media23','email@apple.com','Social Media Department')
insert into Departments values ('Finance23','email@apple.com','Financial Affairs Department')
insert into Departments values ('IT34','email@facebook.com','Information Technology Department')
insert into Departments values ('Media34','email@facebook.com','Social Media Department')
insert into Departments values ('Finance34','email@facebook.com','Financial Affairs Department')



insert into Jobs values ('Administrative Assistant','IT12','email@semiens.com',' accountants need solid analytical and problem solving skills',' If you want to become an accountant, a strong thirst for knowledge will serve you well.Public accountants audit the finances of a vast array of businesses, governmental entities and non-profit organizations.',2,5000.00,'1/12/2017',6,8)
insert into Jobs values ('Administrative Assistant','IT23','email@apple.com','This support might include general office management,','Administrative work is a broad category. Administrative workers are those who provide support to a company. This support might include general office management, answering phones, speaking with clients, assisting an employer, clerical work (including maintaining records and entering data), or a variety of other tasks.',0,3000,'1/11/2017',10,12)
insert into Jobs values ('Administrative Assistant','IT34','email@facebook.com','This support might include general office management, ','Administrative work is a broad category. Administrative workers are those who provide support to a company. This support might include general office management, answering phones, speaking with clients, assisting an employer, clerical work (including maintaining records and entering data), or a variety of other tasks.',0,3000,'1/11/2017',10,12)
insert into Jobs values ('Executive Officer','Media12','email@semiens.com','This support might include general office management, answering phones, speaking with clients, assisting an employer, clerical work','Administrative work is a broad category. Administrative workers are those who provide support to a company. This support might include general office management, answering phones, speaking with clients, assisting an employer, clerical work (including maintaining records and entering data), or a variety of other tasks.',0,3000,'1/11/2017',10,12)
insert into Jobs values ('Executive Officer','Media23','email@apple.com','This support might include general office management, answering phones, speaking with clients, assisting an employer, clerical work','Administrative work is a broad category. Administrative workers are those who provide support to a company. This support might include general office management, answering phones, speaking with clients, assisting an employer, clerical work (including maintaining records and entering data), or a variety of other tasks.',0,3000,'1/11/2017',10,12)
insert into Jobs values ('Executive Officer','Media34','email@facebook.com','This support might include general office management, answering phones, speaking with clients, assisting an employer, clerical work','Administrative work is a broad category. Administrative workers are those who provide support to a company. This support might include general office management, answering phones, speaking with clients, assisting an employer, clerical work (including maintaining records and entering data), or a variety of other tasks.',0,3000,'1/11/2017',10,12)
insert into Jobs values ('HR Executive','IT12','email@semiens.com',' accountants need solid analytical and problem solving skills in order to discern flawed financial processes and to recommend better practices. ',' If you want to become an accountant, a strong thirst for knowledge will serve you well.Public accountants audit the finances of a vast array of businesses, governmental entities and non-profit organizations.  They must be able to quickly learn how these operations are conducted and gain familiarity with the specific regulations that apply in these sectors.',2,5000,'1/12/2017',6,8)
insert into Jobs values ('HR Executive','Media12','email@semiens.com',' accountants need solid analytical and problem solving skills in order to discern flawed financial processes and to recommend better practices. ',' If you want to become an accountant, a strong thirst for knowledge will serve you well.Public accountants audit the finances of a vast array of businesses, governmental entities and non-profit organizations.  They must be able to quickly learn how these operations are conducted and gain familiarity with the specific regulations that apply in these sectors.',2,5000,'1/12/2017',6,8)
insert into Jobs values ('HR Executive','IT23','email@apple.com',' accountants need solid analytical and problem solving skills in order to discern flawed financial processes and to recommend better practices. ',' If you want to become an accountant, a strong thirst for knowledge will serve you well.Public accountants audit the finances of a vast array of businesses, governmental entities and non-profit organizations.  They must be able to quickly learn how these operations are conducted and gain familiarity with the specific regulations that apply in these sectors.',2,5000,'1/12/2017',6,8)
insert into Jobs values ('HR Executive','Media23','email@apple.com',' accountants need solid analytical and problem solving skills in order to discern flawed financial processes and to recommend better practices. ',' If you want to become an accountant, a strong thirst for knowledge will serve you well.Public accountants audit the finances of a vast array of businesses, governmental entities and non-profit organizations.  They must be able to quickly learn how these operations are conducted and gain familiarity with the specific regulations that apply in these sectors.',2,5000,'1/12/2017',6,8)
insert into Jobs values ('HR Executive','IT34','email@facebook.com',' accountants need solid analytical and problem solving skills in order to discern flawed financial processes and to recommend better practices. ',' If you want to become an accountant, a strong thirst for knowledge will serve you well.Public accountants audit the finances of a vast array of businesses, governmental entities and non-profit organizations.  They must be able to quickly learn how these operations are conducted and gain familiarity with the specific regulations that apply in these sectors.',2,5000,'1/12/2017',6,8)
insert into Jobs values ('HR Executive','Media34','email@facebook.com',' accountants need solid analytical and problem solving skills in order to discern flawed financial processes and to recommend better practices. ',' If you want to become an accountant, a strong thirst for knowledge will serve you well.Public accountants audit the finances of a vast array of businesses, governmental entities and non-profit organizations.  They must be able to quickly learn how these operations are conducted and gain familiarity with the specific regulations that apply in these sectors.',2,5000,'1/12/2017',6,8)


insert into Jobs values ('HR Executive','Finance12','email@semiens.com',' accountants need solid analytical and problem solving skills in order to discern flawed financial processes and to recommend better practices. ',' If you want to become an accountant, a strong thirst for knowledge will serve you well.Public accountants audit the finances of a vast array of businesses, governmental entities and non-profit organizations.  They must be able to quickly learn how these operations are conducted and gain familiarity with the specific regulations that apply in these sectors.',2,5000,'1/12/2017',6,8)
insert into Jobs values ('HR Executive','Finance23','email@apple.com',' accountants need solid analytical and problem solving skills in order to discern flawed financial processes and to recommend better practices. ',' If you want to become an accountant, a strong thirst for knowledge will serve you well.Public accountants audit the finances of a vast array of businesses, governmental entities and non-profit organizations.  They must be able to quickly learn how these operations are conducted and gain familiarity with the specific regulations that apply in these sectors.',2,5000,'1/12/2017',6,8)
insert into Jobs values ('HR Executive','Finance34','email@facebook.com',' accountants need solid analytical and problem solving skills in order to discern flawed financial processes and to recommend better practices.',' If you want to become an accountant, a strong thirst for knowledge will serve you well.Public accountants audit the finances of a vast array of businesses, governmental entities and non-profit organizations.  They must be able to quickly learn how these operations are conducted and gain familiarity with the specific regulations that apply in these sectors.',2,5000,'1/12/2017',6,8)
insert into Jobs values ('Manger','IT12','email@semiens.com','mangers take care of things','check employees and make sure every thing in order',2,5000.00,'12/1/2017',6,8)
insert into Jobs values ('Manger','Media12','email@semiens.com','mangers take care of things','check employees and make sure every thing in order',2,5000,'1/12/2017',6,8)
insert into Jobs values ('Manger','Finance12','email@semiens.com','mangers take care of things','check employees and make sure every thing in order',2,5000,'1/12/2017',6,8)
insert into Jobs values ('Manger','IT23','email@apple.com','mangers take care of things','check employees and make sure every thing in order',2,5000,'1/12/2017',6,8)
insert into Jobs values ('Manger','Media23','email@apple.com','mangers take care of things','check employees and make sure every thing in order',2,5000,'1/12/2017',6,8)
insert into Jobs values ('Manger','Finance23','email@apple.com','mangers take care of things','check employees and make sure every thing in order',2,5000,'1/12/2017',6,8)
insert into Jobs values ('Manger','IT34','email@facebook.com','mangers take care of things','check employees and make sure every thing in order',2,5000,'1/12/2017',6,8)
insert into Jobs values ('Manger','Media34','email@facebook.com','mangers take care of things','check employees and make sure every thing in order',2,5000,'1/12/2017',6,8)
insert into Jobs values ('Manger','Finance34','email@facebook.com','mangers take care of things','check employees and make sure every thing in order',2,5000,'1/12/2017',6,8)



insert into Questions values (4,'Are you ok?',1)
insert into Questions values (2,'Can you rate people by there way of acting?', 0)
insert into Questions values (3,'If Mohamed is older than Basma and kareem older than Mohamed does this makes Basma younger than Kareem?',1)


insert into Job_has_Question values ('Administrative Assistant','IT12','email@semiens.com',4)
insert into Job_has_Question values ('Administrative Assistant','IT23','email@apple.com',4)

insert into Job_has_Question values ('HR Executive','Finance23','email@apple.com',2)
insert into Job_has_Question values ('Executive Officer','Media34','email@facebook.com',3)


insert into Users values ('hr1','pass','user1@hotmail.com','12/3/1997',2,'user1','hr','user')
insert into Users values ('hr2','pass','user2@hotmail.com','12/3/1997',2,'user2','hr','user')
insert into Users values ('hr3','pass','user3@hotmail.com','12/3/1997',2,'user3','hr','user')
insert into Users values ('hr4','pass','user4@hotmail.com','12/3/1997',2,'user4','hr','user')
insert into Users values ('hr5','pass','user5@hotmail.com','12/3/1997',2,'user5','hr','user')
insert into Users values ('hr6','pass','user6@hotmail.com','12/3/1997',2,'use6','hr','user')
insert into Users values ('hr7','pass','user7@hotmail.com','12/3/1997',2,'user7','hr','user')
insert into Users values ('hr8','pass','user8@hotmail.com','12/3/1997',2,'user8','hr','user')
insert into Users values ('hr9','pass','user9@hotmail.com','12/3/1997',2,'user9','hr','user')
insert into Users values ('hr10','pass','user10@hotmail.com','12/3/1997',2,'user10','hr','user')
insert into Users values ('hr11','pass','user11@hotmail.com','12/3/1997',2,'user11','hr','user')
insert into Users values ('hr12','pass','user12@hotmail.com','12/3/1997',2,'user12','hr','user')
insert into Users values ('hr13','pass','user13@hotmail.com','12/3/1997',2,'user13','hr','user')
insert into Users values ('hr14','pass','user14@hotmail.com','12/3/1997',2,'user14','hr','user')
insert into Users values ('hr15','pass','user15@hotmail.com','12/3/1997',2,'user15','hr','user')
insert into Users values ('hr16','pass','user16@hotmail.com','12/3/1997',2,'user16','hr','user')
insert into Users values ('hr17','pass','user17@hotmail.com','12/3/1997',2,'user17','hr','user')
insert into Users values ('hr18','pass','user18@hotmail.com','12/3/1997',2,'user18','hr','user')



insert into Users values ('MG1','pass','user19@hotmail.com','12/3/1997',2,'manger1','user','user')
insert into Users values ('MG2','pass','user20@hotmail.com','12/3/1997',2,'manger2','user','user')
insert into Users values ('MG3','pass','user21@hotmail.com','12/3/1997',2,'manger3','user','user')
insert into Users values ('MG4','pass','user22@hotmail.com','12/3/1997',2,'manger4','user','user')
insert into Users values ('MG5','pass','user23@hotmail.com','12/3/1997',2,'manger5','user','user')
insert into Users values ('MG6','pass','user24@hotmail.com','12/3/1997',2,'manger6','user','user')
insert into Users values ('MG7','pass','user25@hotmail.com','12/3/1997',2,'manger7','user','user')
insert into Users values ('MG8','pass','user26@hotmail.com','12/3/1997',2,'manger8','user','user')
insert into Users values ('MG9','pass','user27@hotmail.com','12/3/1997',2,'manger9','user','user')
insert into Users values ('MG10','pass','user28@hotmail.com','12/3/1997',2,'manger10','user','user')
insert into Users values ('MG11','pass','user29@hotmail.com','12/3/1997',2,'manger11','user','user')
insert into Users values ('MG12','pass','user30@hotmail.com','12/3/1997',2,'manger12','user','user')
insert into Users values ('MG13','pass','user31@hotmail.com','12/3/1997',2,'manger13','user','user')
insert into Users values ('MG14','pass','user32@hotmail.com','12/3/1997',2,'manger14','user','user')
insert into Users values ('MG15','pass','user33@hotmail.com','12/3/1997',2,'manger15','user','user')
insert into Users values ('MG16','pass','user34@hotmail.com','12/3/1997',2,'manger16','user','user')
insert into Users values ('MG17','pass','user35@hotmail.com','12/3/1997',2,'manger17','user','user')
insert into Users values ('MG18','pass','user36@hotmail.com','12/3/1997',2,'manger18','user','user')


insert into Users values ('R1','pass1','user37@hotmail.com','12/3/1997',2,'regular1','user','user')
insert into Users values ('R2','pass1','user38@hotmail.com','12/3/1997',2,'regular2','user','user')
insert into Users values ('R3','pass1','user39@hotmail.com','12/3/1997',2,'regular3','user','user')
insert into Users values ('R4','pass1','user40@hotmail.com','12/3/1997',2,'regular4','user','user')
insert into Users values ('R5','pass1','user41@hotmail.com','12/3/1997',2,'regular5','user','user')
insert into Users values ('R6','pass1','user42@hotmail.com','12/3/1997',2,'regular6','user','user')
insert into Users values ('R7','pass1','user43@hotmail.com','12/3/1997',2,'regular7','user','user')
insert into Users values ('R8','pass1','user44@hotmail.com','12/3/1997',2,'regular8','user','user')
insert into Users values ('R9','pass1','user50@hotmail.com','12/3/1997',2,'regular8','user','user')--added
insert into Users values ('R10','pass1','user51@hotmail.com','12/3/1997',2,'regular8','user','user')--added
insert into Users values ('R11','pass1','user52@hotmail.com','12/3/1997',2,'regular8','user','user')--added


insert into Users values ('seeker1','pass1','user45@hotmail.com','12/3/1997',2,'seeker1','user','user')
insert into Users values ('seeker2','pass1','user46@hotmail.com','12/3/1997',2,'seeker1','user','user')
insert into Users values ('Basma Afifi','pass1','user47@hotmail.com','12/3/1997',2,'seeker1','user','user')


insert into User_Jobs values('hr1','hr')
insert into User_Jobs values('hr2','hr')
insert into User_Jobs values('hr3','hr')
insert into User_Jobs values('hr4','hr')
insert into User_Jobs values('hr5','hr')
insert into User_Jobs values('hr6','hr')
insert into User_Jobs values('hr7','hr')
insert into User_Jobs values('hr8','hr')
insert into User_Jobs values('hr9','hr')
insert into User_Jobs values('hr10','hr')
insert into User_Jobs values('hr11','hr')
insert into User_Jobs values('hr12','hr')
insert into User_Jobs values('hr13','hr')
insert into User_Jobs values('hr14','hr')
insert into User_Jobs values('hr15','hr')
insert into User_Jobs values('hr16','hr')
insert into User_Jobs values('hr17','hr')
insert into User_Jobs values('hr18','hr')

insert into User_Jobs values('MG1','manger')
insert into User_Jobs values('MG2','manger')
insert into User_Jobs values('MG3','manger')
insert into User_Jobs values('MG4','manger')
insert into User_Jobs values('MG5','manger')
insert into User_Jobs values('MG6','manger')
insert into User_Jobs values('MG7','manger')
insert into User_Jobs values('MG8','manger')
insert into User_Jobs values('MG9','manger')
insert into User_Jobs values('MG10','manger')
insert into User_Jobs values('MG11','manger')
insert into User_Jobs values('MG12','manger')
insert into User_Jobs values('MG13','manger')
insert into User_Jobs values('MG14','manger')
insert into User_Jobs values('MG15','manger')
insert into User_Jobs values('MG16','manger')
insert into User_Jobs values('MG17','manger')
insert into User_Jobs values('MG18','manger')


insert into User_Jobs values('R1','regular employee')
insert into User_Jobs values('R2','regular employee')
insert into User_Jobs values('R3','regular employee')
insert into User_Jobs values('R4','regular employee')
insert into User_Jobs values('R5','regular employee')
insert into User_Jobs values('R6','regular employee')
insert into User_Jobs values('R7','regular employee')
insert into User_Jobs values('R8','regular employee')
insert into User_Jobs values('R9','regular employee')--added
insert into User_Jobs values('R10','regular employee')--added
insert into User_Jobs values('R11','regular employee')--added


insert into Job_Seekers values('seeker1')
insert into Job_Seekers values('seeker2')
insert into Job_Seekers values('Basma Afifi')


insert into Staff_Members values('HR1',10,'hr1@companyemail.com','Monday',5000,'HR Executive','IT12','email@semiens.com')
insert into Staff_Members values('HR2',10,'hr2@companyemail.com','Monday',5000,'HR Executive','IT12','email@semiens.com')
insert into Staff_Members values('HR3',10,'hr3@companyemail.com','Monday',5000,'HR Executive','Media12','email@semiens.com')
insert into Staff_Members values('HR4',10,'hr4@companyemail.com','Monday',5000,'HR Executive','Media12','email@semiens.com')
insert into Staff_Members values('HR5',10,'hr5@companyemail.com','Monday',5000,'HR Executive','Finance12','email@semiens.com')
insert into Staff_Members values('HR6',10,'hr6@companyemail.com','Wednesday',5000,'HR Executive','Finance12','email@semiens.com')
insert into Staff_Members values('HR7',10,'hr7@companyemail.com','Wednesday',5000,'HR Executive','IT23','email@apple.com')
insert into Staff_Members values('HR8',10,'hr8@companyemail.com','Wednesday',5000,'HR Executive','IT23','email@apple.com')
insert into Staff_Members values('HR9',10,'hr9@companyemail.com','Wednesday',5000,'HR Executive','Media23','email@apple.com')
insert into Staff_Members values('HR10',10,'hr10@companyemail.com','Wednesday',5000,'HR Executive','Media23','email@apple.com')
insert into Staff_Members values('HR11',10,'hr11@companyemail.com','Wednesday',5000,'HR Executive','Finance23','email@apple.com')
insert into Staff_Members values('HR12',10,'hr12@companyemail.com','Wednesday',5000,'HR Executive','Finance23','email@apple.com')
insert into Staff_Members values('HR13',10,'hr13@companyemail.com','Wednesday',5000,'HR Executive','IT34','email@facebook.com') -- executed but HR13 not HR713
insert into Staff_Members values('HR14',10,'hr14@companyemail.com','Sunday',5000,'HR Executive','IT34','email@facebook.com') -- executed but HR14 not HR714
insert into Staff_Members values('HR15',10,'hr15@companyemail.com','Sunday',5000,'HR Executive','Media34','email@facebook.com') -- executed but HR15 not HR715
insert into Staff_Members values('HR16',10,'hr16@companyemail.com','Sunday',5000,'HR Executive','Media34','email@facebook.com') -- executed but HR16 not HR716
insert into Staff_Members values('HR17',10,'hr17@companyemail.com','Sunday',5000,'HR Executive','Finance34','email@facebook.com') -- executed but HR17 not HR717
insert into Staff_Members values('HR18',10,'hr18@companyemail.com','Sunday',5000,'HR Executive','Finance34','email@facebook.com') -- executed but HR18 not HR718


insert into Staff_Members values('MG1',10,'mg1@companyemail.com','Monday',5000,'Manger','IT12','email@semiens.com')
insert into Staff_Members values('MG2',10,'mg2@companyemail.com','Monday',5000,'Manger','IT12','email@semiens.com')
insert into Staff_Members values('MG3',10,'mg3@companyemail.com','Monday',5000,'Manger','Media12','email@semiens.com')
insert into Staff_Members values('MG4',10,'mg4@companyemail.com','Monday',5000,'Manger','Media12','email@semiens.com')
insert into Staff_Members values('MG5',10,'mg5@companyemail.com','Wednesday',5000,'Manger','Finance12','email@semiens.com')
insert into Staff_Members values('MG6',10,'mg6@companyemail.com','Wednesday',5000,'Manger','Finance12','email@semiens.com')
insert into Staff_Members values('MG7',10,'mg7@companyemail.com','Wednesday',5000,'Manger','IT23','email@apple.com')
insert into Staff_Members values('MG8',10,'mg8@companyemail.com','Wednesday',5000,'Manger','IT23','email@apple.com')
insert into Staff_Members values('MG9',10,'mg9@companyemail.com','Wednesday',5000,'Manger','Media23','email@apple.com')
insert into Staff_Members values('MG10',10,'mg10@companyemail.com','Wednesday',5000,'Manger','Media23','email@apple.com')
insert into Staff_Members values('MG11',10,'mg11@companyemail.com','Wednesday',5000,'Manger','Finance23','email@apple.com')
insert into Staff_Members values('MG12',10,'mg12@companyemail.com','Sunday',5000,'Manger','Finance23','email@apple.com')
insert into Staff_Members values('MG13',10,'mg13@companyemail.com','Sunday',5000,'Manger','IT34','email@facebook.com')
insert into Staff_Members values('MG14',10,'mg14@companyemail.com','Sunday',5000,'Manger','IT34','email@facebook.com')
insert into Staff_Members values('MG15',10,'mg15@companyemail.com','Sunday',5000,'Manger','Media34','email@facebook.com')
insert into Staff_Members values('MG16',10,'mg16@companyemail.com','Sunday',5000,'Manger','Media34','email@facebook.com')
insert into Staff_Members values('MG17',10,'mg17@companyemail.com','Sunday',5000,'Manger','Finance34','email@facebook.com')
insert into Staff_Members values('MG18',10,'mg18@companyemail.com','Sunday',5000,'Manger','Finance34','email@facebook.com')


insert into Staff_Members values('R1',10,'r1@companyemail.com','Wednesday',5000,'Administrative Assistant','IT12','email@semiens.com')
insert into Staff_Members values('R2',10,'r1@companyemail.com','Monday',5000,'Administrative Assistant','IT23','email@apple.com')
insert into Staff_Members values('R3',10,'r1@companyemail.com','Monday',5000,'Administrative Assistant','IT34','email@facebook.com')
insert into Staff_Members values('R4',10,'r1@companyemail.com','Monday',5000,'Executive Officer','Media12','email@semiens.com')
insert into Staff_Members values('R5',10,'r1@companyemail.com','Sunday',5000,'Executive Officer','Media23','email@apple.com')
insert into Staff_Members values('R6',10,'r1@companyemail.com','Sunday',5000,'Executive Officer','Media34','email@facebook.com')
insert into Staff_Members values('R7',10,'r1@companyemail.com','Sunday',5000,'Executive Officer','Media23','email@apple.com')
insert into Staff_Members values('R8',10,'r1@companyemail.com','Sunday',5000,'Executive Officer','Media34','email@facebook.com')
insert into Staff_Members values('R9',10,'r1@companyemail.com','Sunday',5000,'Administrative Assistant','IT12','email@semiens.com')--added
insert into Staff_Members values('R10',10,'r1@companyemail.com','Sunday',5000,'Administrative Assistant','IT12','email@semiens.com')--added
insert into Staff_Members values('R11',10,'r1@companyemail.com','Sunday',5000,'Administrative Assistant','IT12','email@semiens.com')--added

 
insert into Job_Seeker_apply_Job values ('Administrative Assistant','IT12','email@semiens.com','Basma Afifi','accepted','accepted',100)
--insert into Job_Seeker_apply_Job (job,department,company,job_seeker,score ) values('Administrative Assistant','IT12','email@semiens.com','seeker1',null,null,50)
insert into Job_Seeker_apply_Job values('Executive Officer','Media23','email@apple.com','seeker2','no','yes',100)

insert into Attendances values ('2/11/2016','HR1',8,6)
insert into Attendances values ('2/1/2016','HR1',8,6)
insert into Attendances values ('1/2/2016','HR1',8,6)
insert into Attendances values ('9/11/2016','HR13',9,6)
insert into Attendances values ('12/21/2016','HR3',8,6) 
insert into Attendances values ('2/11/2016','R1',8,6)--added
insert into Attendances values ('2/1/2016','R1',8,6)--added
insert into Attendances values ('2/2/2016','R1',8,6)--added
insert into Attendances values ('2/11/2016','R9',8,6)--added
insert into Attendances values ('2/1/2016','R9',8,6)--added
insert into Attendances values ('2/2/2016','R9',8,6)--added
insert into Attendances values ('2/11/2016','R10',8,6)--added
insert into Attendances values ('2/1/2016','R10',8,6)--added
insert into Attendances values ('2/2/2016','R10',8,6)--added
insert into Attendances values ('2/11/2016','R11',8,6)--added
insert into Attendances values ('2/1/2016','R11',8,6)--added
insert into Attendances values ('1/2/2016','R11',8,6)--added




insert into Emails values (1,'report1','1/1/2017','report1')
insert into Emails values (2,'report2','1/2/2017','report 2 ')
insert into Emails values (3,'report3','1/3/2017','report--3--')


insert into Staff_send_Email_Staff values(1,'HR1','MG1')
insert into Staff_send_Email_Staff values(2,'MG11','MG1')
insert into Staff_send_Email_Staff values(3,'HR12','MG1')


insert into Hr_Employees values('HR1')
insert into Hr_Employees values('HR2')
insert into Hr_Employees values('HR3')
insert into Hr_Employees values('HR4')
insert into Hr_Employees values('HR5')
insert into Hr_Employees values('HR6')
insert into Hr_Employees values('HR7')
insert into Hr_Employees values('HR8')
insert into Hr_Employees values('HR9')
insert into Hr_Employees values('HR10')
insert into Hr_Employees values('HR11')
insert into Hr_Employees values('HR12')
insert into Hr_Employees values('HR13')
insert into Hr_Employees values('HR14')
insert into Hr_Employees values('HR15')
insert into Hr_Employees values('HR16')
insert into Hr_Employees values('HR17')
insert into Hr_Employees values('HR18')


insert into Regular_Employees values('R1')
insert into Regular_Employees values('R2')
insert into Regular_Employees values('R3')
insert into Regular_Employees values('R4')
insert into Regular_Employees values('R5')
insert into Regular_Employees values('R6')
insert into Regular_Employees values('R7')  -- not executed because donnot exist in staff_member/users    DONE
insert into Regular_Employees values('R8')  -- not executed because donnot exist in staff_member/users    DONE
insert into Regular_Employees values('R9')  -- added
insert into Regular_Employees values('R10')  -- added
insert into Regular_Employees values('R11')  -- added



insert into Managers values('MG1','manger')
insert into Managers values('MG2','manger')
insert into Managers values('MG3','manger')
insert into Managers values('MG4','manger')
insert into Managers values('MG5','manger')
insert into Managers values('MG6','manger')
insert into Managers values('MG7','manger')
insert into Managers values('MG8','manger')
insert into Managers values('MG9','manger')
insert into Managers values('MG10','manger')
insert into Managers values('MG11','manger')
insert into Managers values('MG12','manger')
insert into Managers values('MG13','manger')
insert into Managers values('MG14','manger')
insert into Managers values('MG15','manger')
insert into Managers values('MG16','manger')
insert into Managers values('MG17','manger')
insert into Managers values('MG18','manger')



insert into Announcements values('1-2-2018','ann1','HR1','new vacacy','Anouncement details')


insert into Requests values ('1/2/2017','HR4','2017-2-5','2017-12-31','HR3',null,'MG3',null,null)
insert into Requests values ('1/3/2017','HR9','2017-2-5','2017-12-31','HR10',null,'MG10',null,null)
insert into Requests values ('1/4/2017','MG11','2017-2-5','2017-12-31','HR12',null,'MG12',null,null)
insert into Requests values ('1/5/2017','MG4','2017-2-5','2017-12-31','HR3',null,'MG3',null,null)
insert into Requests values ('1/6/2017','R1','2017-2-5','2017-12-31','HR1',null,'MG1',null,null)
insert into Requests values ('1/7/2017','R2','2017-2-5','2017-12-31','HR1',null,'MG1',null,null)


insert into Leave_Requests values('1/2/2017','HR4','holiday')
insert into Leave_Requests values('1/4/2017','MG11','holiday')
insert into Leave_Requests values('1/6/2017','R1','holiday')


insert into Business_Trip_Requests values('1/3/2017','HR9','germany','meeting')
insert into Business_Trip_Requests values('1/5/2017','MG4','germany','meeting')
insert into Business_Trip_Requests values('1/7/2017','R2','germany','meeting')


insert into HR_Employee_apply_Replace_Request values('1/2/2017','HR4','HR4','HR3')
insert into HR_Employee_apply_Replace_Request values('1/3/2017','HR9','HR9','HR10') -- kan na2s rakam 9!

insert into Regular_Employee_Apply_Replace_Request values('1/6/2017','R1','R1','R2')
insert into Regular_Employee_Apply_Replace_Request values('1/7/2017','R2','R2','R1')

insert into Manager_Employee_Apply_Replace_Request values('1/4/2017','MG11','Mg11','MG12')
insert into Manager_Employee_Apply_Replace_Request values('1/5/2017','MG4','Mg4','MG3')

insert into Projects values('project1','email@apple.com','1/2/2017','1/22/2017','MG8')
insert into Projects values('project2','email@semiens.com','1/25/2017','2/5/2017','MG1')
insert into Projects values('project3','email@facebook.com','2/5/2017','2/25/2017','MG15')

insert into Manager_assign_Regular_Employee_Project values('project1','email@apple.com','R5','MG8')
insert into Manager_assign_Regular_Employee_Project values('project2','email@semiens.com','R1','MG1')
insert into Manager_assign_Regular_Employee_Project values('project3','email@facebook.com','R6','MG18')


insert into Tasks values('task1','project1','email@apple.com','3/15/2019','ongoing','task description','R5','MG8') -- not executed (datetime not date) ?!!     DONE
insert into Tasks values('task2','project2','email@semiens.com','3/15/2019 23:59:59','ongoing','task description','R1','MG1') -- not executed (datetime not date) ?!!    DONE
insert into Tasks values('task3','project3','email@facebook.com','3/15/2019 23:59:59','ongoing','task description','R5','MG18') -- not executed (datetime not date) ?!!    DONE
insert into Tasks values('task4','project2','email@semiens.com','3/15/2019 23:59:59','ongoing','task description','R1','MG1') -- not executed (datetime not date) ?!!    DONE
insert into Tasks values('task5','project2','email@semiens.com','3/15/2019 23:59:59','ongoing','task description','R9','MG1') -- added
insert into Tasks values('task6','project2','email@semiens.com','3/15/2019 23:59:59','ongoing','task description','R10','MG1') -- added
insert into Tasks values('task7','project2','email@semiens.com','3/15/2019 23:59:59','ongoing','task description','R11','MG1') -- added

insert into Task_Comments values('task1','project1','email@apple.com','comment') -- not executed because task is not executed   DONE
insert into Task_Comments values('task2','project2','email@semiens.com','comment') -- not executed because task is not executed    DONE
insert into Task_Comments values('task3','project3','email@facebook.com','comment') -- not executed because task is not executed    DONE
